timestamp,source,authid,event,object,source_context,correlation_id,outcome,change_ticket
2026-08-10T10:12:07+02:00,PAM,THABOM,SESSION_START,DB2PROD,ADMIN-ZONE,PAM-88421,SUCCESS,CHG-22401
2026-08-10T10:14:12+02:00,DB2,THABOM,SELECT,BANK.CUSTOMER,LOCAL/PAM,PAM-88421,SUCCESS,CHG-22401
2026-08-10T10:14:18+02:00,DB2,PAYAPI01,SELECT,BANK.CUSTOMER_API_V,APP-ZONE,REQ-99182,SUCCESS,
2026-08-10T10:14:22+02:00,DB2,THABOM,SELECT,BANK.CARD,LOCAL/PAM,PAM-88421,SUCCESS,CHG-22401
2026-08-10T10:15:01+02:00,DB2,MAYAK,PRIVILEGE_CHANGE,PAY_APP_R,LOCAL/PAM,PAM-88445,SUCCESS,CHG-22409
2026-08-10T10:15:03+02:00,RACF,MAYAK,GROUP_CHANGE,PAYAPI01,SECADMIN,PAM-88445,SUCCESS,CHG-22409
2026-08-10T10:16:45+02:00,DDF,OLDAPI99,AUTH_FAILURE,DB2PROD,LEGACY-SUBNET,CONN-30011,FAILED,
2026-08-10T10:16:48+02:00,DDF,OLDAPI99,AUTH_FAILURE,DB2PROD,LEGACY-SUBNET,CONN-30012,FAILED,
2026-08-10T10:17:10+02:00,SIEM,THABOM,ALERT,PRIVILEGED_SENSITIVE_READ,PAM-88421,ALRT-7721,OPEN,
